<?xml version="1.0" encoding="UTF-8"?>
<project-private xmlns="http://www.netbeans.org/ns/project-private/1">
    <editor-bookmarks xmlns="http://www.netbeans.org/ns/editor-bookmarks/2" lastBookmarkId="0"/>
    <open-files xmlns="http://www.netbeans.org/ns/projectui-open-files/2">
        <group name="Temporada 1">
            <file>file:/C:/Users/Usuario%20DAM%202/Documents/NetBeansProjects/ExamenDI/src/examendi/Llamadas_locales.java</file>
            <file>file:/C:/Users/Usuario%20DAM%202/Documents/NetBeansProjects/ExamenDI/src/examendi/ExamenDI.java</file>
            <file>file:/C:/Users/Usuario%20DAM%202/Documents/NetBeansProjects/ExamenDI/src/examendi/Listar.java</file>
            <file>file:/C:/Users/Usuario%20DAM%202/Documents/NetBeansProjects/ExamenDI/src/examendi/Llamadas_nacionales.java</file>
            <file>file:/C:/Users/Usuario%20DAM%202/Documents/NetBeansProjects/ExamenDI/src/examendi/Llamadas_Internacionales.java</file>
            <file>file:/C:/Users/Usuario%20DAM%202/Documents/NetBeansProjects/ExamenDI/src/examendi/Llamadas.java</file>
        </group>
    </open-files>
</project-private>
